Ensembl Gene ID;Base mean expression;Log2FC;Adjusted p-value;Gene name
ENSMUSG00000006221;52656.5606976674;1.13948630817119;0.0189510888428569;Hspb7
ENSMUSG00000020120;129.629959344577;1.27052758112232;0.0496827782800613;Plek
ENSMUSG00000026077;46.9652846503716;2.15434302328528;0.0254361432951741;Npas2
ENSMUSG00000042262;3.97126296997974;5.66533501669178;0.0185065977325007;Ccr8
ENSMUSG00000064372;175.563014695812;-1.27803568065377;0.0488036477562039;mt-Tp
